,aveFitness,peakFitness,peakParameters,generation
0,0.5328701078882807,0.8641601913745578,"[-0.40785153007324687, -0.20683256316697174, 0.6002472876680569, 0.3828170795177917, -0.36745761214959316, -0.22103301013442803, -0.1513669472901178, -0.097460781880233]",500
