,aveFitness,peakFitness,peakParameters,generation
0,0.5907616974097707,0.9319653583715585,"[-0.3102580108728705, 0.4424914802861473, -0.3113248510832203, -0.95056483901216, -0.1529682299911863, -0.21761660774638975, -0.17329064347530412, 0.06347218110677899]",253
