,aveFitness,peakFitness,peakParameters,generation
0,0.5152561215204267,0.8800937887871558,"[0.4131916265147688, 0.07243724969676013, -0.15084115509103946, -0.3158976448414848, -0.04064145711387773, -0.2564502460670314, 0.338203242877767, -0.5470685960291232]",500
